Feature ID,Ranking (1 = most important),Feature
2,1,LEFT_EYE_OUTER_POS_x__kurtosis
9,1,LEFT_EYE_OUTER_POS_x__cid_ce__normalize_True
10,1,LEFT_EYE_OUTER_POS_y__abs_energy
20,1,LEFT_EYE_OUTER_DIST_x__kurtosis
22,1,LEFT_EYE_OUTER_DIST_x__standard_deviation
28,1,LEFT_EYE_OUTER_DIST_y__abs_energy
31,1,LEFT_EYE_OUTER_DIST_y__standard_deviation
35,1,LEFT_EYE_OUTER_DIST_y__c3__lag_1
38,1,RIGHT_EYE_OUTER_POS_x__kurtosis
45,1,RIGHT_EYE_OUTER_POS_x__cid_ce__normalize_True
47,1,RIGHT_EYE_OUTER_POS_y__kurtosis
58,1,RIGHT_EYE_OUTER_DIST_x__standard_deviation
59,1,RIGHT_EYE_OUTER_DIST_x__maximum
60,1,RIGHT_EYE_OUTER_DIST_x__autocorrelation__lag_1
65,1,RIGHT_EYE_OUTER_DIST_y__kurtosis
68,1,RIGHT_EYE_OUTER_DIST_y__maximum
69,1,RIGHT_EYE_OUTER_DIST_y__autocorrelation__lag_1
76,1,LEFT_SHOULDER_POS_x__standard_deviation
81,1,LEFT_SHOULDER_POS_x__cid_ce__normalize_True
82,1,LEFT_SHOULDER_POS_y__abs_energy
83,1,LEFT_SHOULDER_POS_y__kurtosis
85,1,LEFT_SHOULDER_POS_y__standard_deviation
86,1,LEFT_SHOULDER_POS_y__maximum
90,1,LEFT_SHOULDER_POS_y__cid_ce__normalize_True
98,1,LEFT_SHOULDER_DIST_x__c3__lag_1
105,1,LEFT_SHOULDER_DIST_y__autocorrelation__lag_1
108,1,LEFT_SHOULDER_DIST_y__cid_ce__normalize_True
110,1,RIGHT_SHOULDER_POS_x__kurtosis
117,1,RIGHT_SHOULDER_POS_x__cid_ce__normalize_True
118,1,RIGHT_SHOULDER_POS_y__abs_energy
119,1,RIGHT_SHOULDER_POS_y__kurtosis
140,1,RIGHT_SHOULDER_DIST_y__maximum
141,1,RIGHT_SHOULDER_DIST_y__autocorrelation__lag_1
143,1,RIGHT_SHOULDER_DIST_y__c3__lag_1
153,1,LEFT_ELBOW_POS_x__cid_ce__normalize_True
154,1,LEFT_ELBOW_POS_y__abs_energy
155,1,LEFT_ELBOW_POS_y__kurtosis
168,1,LEFT_ELBOW_DIST_x__autocorrelation__lag_1
177,1,LEFT_ELBOW_DIST_y__autocorrelation__lag_1
180,1,LEFT_ELBOW_DIST_y__cid_ce__normalize_True
184,1,RIGHT_ELBOW_POS_x__standard_deviation
189,1,RIGHT_ELBOW_POS_x__cid_ce__normalize_True
190,1,RIGHT_ELBOW_POS_y__abs_energy
191,1,RIGHT_ELBOW_POS_y__kurtosis
201,1,RIGHT_ELBOW_DIST_x__mean
204,1,RIGHT_ELBOW_DIST_x__autocorrelation__lag_1
213,1,RIGHT_ELBOW_DIST_y__autocorrelation__lag_1
217,1,LEFT_WRIST_POS_x__abs_energy
222,1,LEFT_WRIST_POS_x__autocorrelation__lag_1
227,1,LEFT_WRIST_POS_y__kurtosis
229,1,LEFT_WRIST_POS_y__standard_deviation
231,1,LEFT_WRIST_POS_y__autocorrelation__lag_1
234,1,LEFT_WRIST_POS_y__cid_ce__normalize_True
237,1,LEFT_WRIST_DIST_x__mean
240,1,LEFT_WRIST_DIST_x__autocorrelation__lag_1
247,1,LEFT_WRIST_DIST_y__standard_deviation
249,1,LEFT_WRIST_DIST_y__autocorrelation__lag_1
251,1,LEFT_WRIST_DIST_y__c3__lag_1
254,1,RIGHT_WRIST_POS_x__kurtosis
256,1,RIGHT_WRIST_POS_x__standard_deviation
258,1,RIGHT_WRIST_POS_x__autocorrelation__lag_1
262,1,RIGHT_WRIST_POS_y__abs_energy
263,1,RIGHT_WRIST_POS_y__kurtosis
264,1,RIGHT_WRIST_POS_y__mean
266,1,RIGHT_WRIST_POS_y__maximum
276,1,RIGHT_WRIST_DIST_x__autocorrelation__lag_1
278,1,RIGHT_WRIST_DIST_x__c3__lag_1
297,1,LEFT_HIP_POS_x__cid_ce__normalize_True
298,1,LEFT_HIP_POS_y__abs_energy
321,1,LEFT_HIP_DIST_y__autocorrelation__lag_1
324,1,LEFT_HIP_DIST_y__cid_ce__normalize_True
328,1,RIGHT_HIP_POS_x__standard_deviation
334,1,RIGHT_HIP_POS_y__abs_energy
335,1,RIGHT_HIP_POS_y__kurtosis
344,1,RIGHT_HIP_DIST_x__kurtosis
353,1,RIGHT_HIP_DIST_y__kurtosis
354,1,RIGHT_HIP_DIST_y__mean
360,1,RIGHT_HIP_DIST_y__cid_ce__normalize_True
370,1,LEFT_KNEE_POS_y__abs_energy
375,1,LEFT_KNEE_POS_y__autocorrelation__lag_1
378,1,LEFT_KNEE_POS_y__cid_ce__normalize_True
384,1,LEFT_KNEE_DIST_x__autocorrelation__lag_1
386,1,LEFT_KNEE_DIST_x__c3__lag_1
395,1,LEFT_KNEE_DIST_y__c3__lag_1
396,1,LEFT_KNEE_DIST_y__cid_ce__normalize_True
400,1,RIGHT_KNEE_POS_x__standard_deviation
406,1,RIGHT_KNEE_POS_y__abs_energy
414,1,RIGHT_KNEE_POS_y__cid_ce__normalize_True
422,1,RIGHT_KNEE_DIST_x__c3__lag_1
425,1,RIGHT_KNEE_DIST_y__kurtosis
431,1,RIGHT_KNEE_DIST_y__c3__lag_1
443,1,LEFT_ANKLE_POS_y__kurtosis
446,1,LEFT_ANKLE_POS_y__maximum
450,1,LEFT_ANKLE_POS_y__cid_ce__normalize_True
456,1,LEFT_ANKLE_DIST_x__autocorrelation__lag_1
469,1,RIGHT_ANKLE_POS_x__abs_energy
476,1,RIGHT_ANKLE_POS_x__c3__lag_1
479,1,RIGHT_ANKLE_POS_y__kurtosis
482,1,RIGHT_ANKLE_POS_y__maximum
487,1,RIGHT_ANKLE_DIST_x__abs_energy
492,1,RIGHT_ANKLE_DIST_x__autocorrelation__lag_1
495,1,RIGHT_ANKLE_DIST_x__cid_ce__normalize_True
497,1,RIGHT_ANKLE_DIST_y__kurtosis
498,1,RIGHT_ANKLE_DIST_y__mean
503,1,RIGHT_ANKLE_DIST_y__c3__lag_1
18,2,LEFT_EYE_OUTER_POS_y__cid_ce__normalize_True
29,2,LEFT_EYE_OUTER_DIST_y__kurtosis
62,2,RIGHT_EYE_OUTER_DIST_x__c3__lag_1
167,2,LEFT_ELBOW_DIST_x__maximum
215,2,RIGHT_ELBOW_DIST_y__c3__lag_1
218,2,LEFT_WRIST_POS_x__kurtosis
230,2,LEFT_WRIST_POS_y__maximum
239,2,LEFT_WRIST_DIST_x__maximum
243,2,LEFT_WRIST_DIST_x__cid_ce__normalize_True
273,2,RIGHT_WRIST_DIST_x__mean
274,2,RIGHT_WRIST_DIST_x__standard_deviation
285,2,RIGHT_WRIST_DIST_y__autocorrelation__lag_1
319,2,LEFT_HIP_DIST_y__standard_deviation
326,2,RIGHT_HIP_POS_x__kurtosis
339,2,RIGHT_HIP_POS_y__autocorrelation__lag_1
442,2,LEFT_ANKLE_POS_y__abs_energy
452,2,LEFT_ANKLE_DIST_x__kurtosis
455,2,LEFT_ANKLE_DIST_x__maximum
461,2,LEFT_ANKLE_DIST_y__kurtosis
464,2,LEFT_ANKLE_DIST_y__maximum
474,2,RIGHT_ANKLE_POS_x__autocorrelation__lag_1
478,2,RIGHT_ANKLE_POS_y__abs_energy
480,2,RIGHT_ANKLE_POS_y__mean
486,2,RIGHT_ANKLE_POS_y__cid_ce__normalize_True
501,2,RIGHT_ANKLE_DIST_y__autocorrelation__lag_1
32,3,LEFT_EYE_OUTER_DIST_y__maximum
56,3,RIGHT_EYE_OUTER_DIST_x__kurtosis
87,3,LEFT_SHOULDER_POS_y__autocorrelation__lag_1
96,3,LEFT_SHOULDER_DIST_x__autocorrelation__lag_1
116,3,RIGHT_SHOULDER_POS_x__c3__lag_1
164,3,LEFT_ELBOW_DIST_x__kurtosis
171,3,LEFT_ELBOW_DIST_x__cid_ce__normalize_True
193,3,RIGHT_ELBOW_POS_y__standard_deviation
206,3,RIGHT_ELBOW_DIST_x__c3__lag_1
212,3,RIGHT_ELBOW_DIST_y__maximum
228,3,LEFT_WRIST_POS_y__mean
236,3,LEFT_WRIST_DIST_x__kurtosis
261,3,RIGHT_WRIST_POS_x__cid_ce__normalize_True
272,3,RIGHT_WRIST_DIST_x__kurtosis
333,3,RIGHT_HIP_POS_x__cid_ce__normalize_True
362,3,LEFT_KNEE_POS_x__kurtosis
390,3,LEFT_KNEE_DIST_y__mean
393,3,LEFT_KNEE_DIST_y__autocorrelation__lag_1
407,3,RIGHT_KNEE_POS_y__kurtosis
410,3,RIGHT_KNEE_POS_y__maximum
417,3,RIGHT_KNEE_DIST_x__mean
426,3,RIGHT_KNEE_DIST_y__mean
445,3,LEFT_ANKLE_POS_y__standard_deviation
470,3,RIGHT_ANKLE_POS_x__kurtosis
494,3,RIGHT_ANKLE_DIST_x__c3__lag_1
19,4,LEFT_EYE_OUTER_DIST_x__abs_energy
23,4,LEFT_EYE_OUTER_DIST_x__maximum
24,4,LEFT_EYE_OUTER_DIST_x__autocorrelation__lag_1
26,4,LEFT_EYE_OUTER_DIST_x__c3__lag_1
33,4,LEFT_EYE_OUTER_DIST_y__autocorrelation__lag_1
134,4,RIGHT_SHOULDER_DIST_x__c3__lag_1
144,4,RIGHT_SHOULDER_DIST_y__cid_ce__normalize_True
165,4,LEFT_ELBOW_DIST_x__mean
170,4,LEFT_ELBOW_DIST_x__c3__lag_1
179,4,LEFT_ELBOW_DIST_y__c3__lag_1
200,4,RIGHT_ELBOW_DIST_x__kurtosis
203,4,RIGHT_ELBOW_DIST_x__maximum
219,4,LEFT_WRIST_POS_x__mean
248,4,LEFT_WRIST_DIST_y__maximum
279,4,RIGHT_WRIST_DIST_x__cid_ce__normalize_True
287,4,RIGHT_WRIST_DIST_y__c3__lag_1
308,4,LEFT_HIP_DIST_x__kurtosis
310,4,LEFT_HIP_DIST_x__standard_deviation
318,4,LEFT_HIP_DIST_y__mean
391,4,LEFT_KNEE_DIST_y__standard_deviation
420,4,RIGHT_KNEE_DIST_x__autocorrelation__lag_1
436,4,LEFT_ANKLE_POS_x__standard_deviation
451,4,LEFT_ANKLE_DIST_x__abs_energy
465,4,LEFT_ANKLE_DIST_y__autocorrelation__lag_1
491,4,RIGHT_ANKLE_DIST_x__maximum
49,5,RIGHT_EYE_OUTER_POS_y__standard_deviation
104,5,LEFT_SHOULDER_DIST_y__maximum
123,5,RIGHT_SHOULDER_POS_y__autocorrelation__lag_1
148,5,LEFT_ELBOW_POS_x__standard_deviation
162,5,LEFT_ELBOW_POS_y__cid_ce__normalize_True
173,5,LEFT_ELBOW_DIST_y__kurtosis
198,5,RIGHT_ELBOW_POS_y__cid_ce__normalize_True
242,5,LEFT_WRIST_DIST_x__c3__lag_1
257,5,RIGHT_WRIST_POS_x__maximum
265,5,RIGHT_WRIST_POS_y__standard_deviation
281,5,RIGHT_WRIST_DIST_y__kurtosis
290,5,LEFT_HIP_POS_x__kurtosis
306,5,LEFT_HIP_POS_y__cid_ce__normalize_True
314,5,LEFT_HIP_DIST_x__c3__lag_1
342,5,RIGHT_HIP_POS_y__cid_ce__normalize_True
356,5,RIGHT_HIP_DIST_y__maximum
357,5,RIGHT_HIP_DIST_y__autocorrelation__lag_1
380,5,LEFT_KNEE_DIST_x__kurtosis
409,5,RIGHT_KNEE_POS_y__standard_deviation
429,5,RIGHT_KNEE_DIST_y__autocorrelation__lag_1
447,5,LEFT_ANKLE_POS_y__autocorrelation__lag_1
462,5,LEFT_ANKLE_DIST_y__mean
468,5,LEFT_ANKLE_DIST_y__cid_ce__normalize_True
489,5,RIGHT_ANKLE_DIST_x__mean
500,5,RIGHT_ANKLE_DIST_y__maximum
11,6,LEFT_EYE_OUTER_POS_y__kurtosis
15,6,LEFT_EYE_OUTER_POS_y__autocorrelation__lag_1
30,6,LEFT_EYE_OUTER_DIST_y__mean
46,6,RIGHT_EYE_OUTER_POS_y__abs_energy
74,6,LEFT_SHOULDER_POS_x__kurtosis
103,6,LEFT_SHOULDER_DIST_y__standard_deviation
126,6,RIGHT_SHOULDER_POS_y__cid_ce__normalize_True
146,6,LEFT_ELBOW_POS_x__kurtosis
166,6,LEFT_ELBOW_DIST_x__standard_deviation
182,6,RIGHT_ELBOW_POS_x__kurtosis
245,6,LEFT_WRIST_DIST_y__kurtosis
246,6,LEFT_WRIST_DIST_y__mean
267,6,RIGHT_WRIST_POS_y__autocorrelation__lag_1
270,6,RIGHT_WRIST_POS_y__cid_ce__normalize_True
288,6,RIGHT_WRIST_DIST_y__cid_ce__normalize_True
343,6,RIGHT_HIP_DIST_x__abs_energy
347,6,RIGHT_HIP_DIST_x__maximum
398,6,RIGHT_KNEE_POS_x__kurtosis
402,6,RIGHT_KNEE_POS_x__autocorrelation__lag_1
419,6,RIGHT_KNEE_DIST_x__maximum
439,6,LEFT_ANKLE_POS_x__approximate_entropy__m_20__r_0.05
441,6,LEFT_ANKLE_POS_x__cid_ce__normalize_True
458,6,LEFT_ANKLE_DIST_x__c3__lag_1
467,6,LEFT_ANKLE_DIST_y__c3__lag_1
488,6,RIGHT_ANKLE_DIST_x__kurtosis
14,7,LEFT_EYE_OUTER_POS_y__maximum
21,7,LEFT_EYE_OUTER_DIST_x__mean
67,7,RIGHT_EYE_OUTER_DIST_y__standard_deviation
71,7,RIGHT_EYE_OUTER_DIST_y__c3__lag_1
95,7,LEFT_SHOULDER_DIST_x__maximum
101,7,LEFT_SHOULDER_DIST_y__kurtosis
132,7,RIGHT_SHOULDER_DIST_x__autocorrelation__lag_1
255,7,RIGHT_WRIST_POS_x__mean
275,7,RIGHT_WRIST_DIST_x__maximum
280,7,RIGHT_WRIST_DIST_y__abs_energy
299,7,LEFT_HIP_POS_y__kurtosis
312,7,LEFT_HIP_DIST_x__autocorrelation__lag_1
316,7,LEFT_HIP_DIST_y__abs_energy
323,7,LEFT_HIP_DIST_y__c3__lag_1
330,7,RIGHT_HIP_POS_x__autocorrelation__lag_1
350,7,RIGHT_HIP_DIST_x__c3__lag_1
388,7,LEFT_KNEE_DIST_y__abs_energy
401,7,RIGHT_KNEE_POS_x__maximum
423,7,RIGHT_KNEE_DIST_x__cid_ce__normalize_True
428,7,RIGHT_KNEE_DIST_y__maximum
432,7,RIGHT_KNEE_DIST_y__cid_ce__normalize_True
434,7,LEFT_ANKLE_POS_x__kurtosis
463,7,LEFT_ANKLE_DIST_y__standard_deviation
473,7,RIGHT_ANKLE_POS_x__maximum
496,7,RIGHT_ANKLE_DIST_y__abs_energy
6,8,LEFT_EYE_OUTER_POS_x__autocorrelation__lag_1
51,8,RIGHT_EYE_OUTER_POS_y__autocorrelation__lag_1
66,8,RIGHT_EYE_OUTER_DIST_y__mean
72,8,RIGHT_EYE_OUTER_DIST_y__cid_ce__normalize_True
89,8,LEFT_SHOULDER_POS_y__c3__lag_1
92,8,LEFT_SHOULDER_DIST_x__kurtosis
121,8,RIGHT_SHOULDER_POS_y__standard_deviation
128,8,RIGHT_SHOULDER_DIST_x__kurtosis
130,8,RIGHT_SHOULDER_DIST_x__standard_deviation
158,8,LEFT_ELBOW_POS_y__maximum
175,8,LEFT_ELBOW_DIST_y__standard_deviation
176,8,LEFT_ELBOW_DIST_y__maximum
210,8,RIGHT_ELBOW_DIST_y__mean
225,8,LEFT_WRIST_POS_x__cid_ce__normalize_True
252,8,LEFT_WRIST_DIST_y__cid_ce__normalize_True
282,8,RIGHT_WRIST_DIST_y__mean
294,8,LEFT_HIP_POS_x__autocorrelation__lag_1
309,8,LEFT_HIP_DIST_x__mean
359,8,RIGHT_HIP_DIST_y__c3__lag_1
374,8,LEFT_KNEE_POS_y__maximum
389,8,LEFT_KNEE_DIST_y__kurtosis
405,8,RIGHT_KNEE_POS_x__cid_ce__normalize_True
416,8,RIGHT_KNEE_DIST_x__kurtosis
418,8,RIGHT_KNEE_DIST_x__standard_deviation
477,8,RIGHT_ANKLE_POS_x__cid_ce__normalize_True
4,9,LEFT_EYE_OUTER_POS_x__standard_deviation
64,9,RIGHT_EYE_OUTER_DIST_y__abs_energy
102,9,LEFT_SHOULDER_DIST_y__mean
112,9,RIGHT_SHOULDER_POS_x__standard_deviation
114,9,RIGHT_SHOULDER_POS_x__autocorrelation__lag_1
137,9,RIGHT_SHOULDER_DIST_y__kurtosis
195,9,RIGHT_ELBOW_POS_y__autocorrelation__lag_1
209,9,RIGHT_ELBOW_DIST_y__kurtosis
216,9,RIGHT_ELBOW_DIST_y__cid_ce__normalize_True
233,9,LEFT_WRIST_POS_y__c3__lag_1
238,9,LEFT_WRIST_DIST_x__standard_deviation
253,9,RIGHT_WRIST_POS_x__abs_energy
307,9,LEFT_HIP_DIST_x__abs_energy
366,9,LEFT_KNEE_POS_x__autocorrelation__lag_1
371,9,LEFT_KNEE_POS_y__kurtosis
372,9,LEFT_KNEE_POS_y__mean
381,9,LEFT_KNEE_DIST_x__mean
383,9,LEFT_KNEE_DIST_x__maximum
392,9,LEFT_KNEE_DIST_y__maximum
408,9,RIGHT_KNEE_POS_y__mean
411,9,RIGHT_KNEE_POS_y__autocorrelation__lag_1
413,9,RIGHT_KNEE_POS_y__c3__lag_1
424,9,RIGHT_KNEE_DIST_y__abs_energy
437,9,LEFT_ANKLE_POS_x__maximum
499,9,RIGHT_ANKLE_DIST_y__standard_deviation
5,10,LEFT_EYE_OUTER_POS_x__maximum
7,10,LEFT_EYE_OUTER_POS_x__approximate_entropy__m_20__r_0.05
13,10,LEFT_EYE_OUTER_POS_y__standard_deviation
41,10,RIGHT_EYE_OUTER_POS_x__maximum
54,10,RIGHT_EYE_OUTER_POS_y__cid_ce__normalize_True
122,10,RIGHT_SHOULDER_POS_y__maximum
131,10,RIGHT_SHOULDER_DIST_x__maximum
172,10,LEFT_ELBOW_DIST_y__abs_energy
174,10,LEFT_ELBOW_DIST_y__mean
205,10,RIGHT_ELBOW_DIST_x__approximate_entropy__m_20__r_0.05
207,10,RIGHT_ELBOW_DIST_x__cid_ce__normalize_True
220,10,LEFT_WRIST_POS_x__standard_deviation
269,10,RIGHT_WRIST_POS_y__c3__lag_1
283,10,RIGHT_WRIST_DIST_y__standard_deviation
284,10,RIGHT_WRIST_DIST_y__maximum
292,10,LEFT_HIP_POS_x__standard_deviation
311,10,LEFT_HIP_DIST_x__maximum
345,10,RIGHT_HIP_DIST_x__mean
373,10,LEFT_KNEE_POS_y__standard_deviation
397,10,RIGHT_KNEE_POS_x__abs_energy
415,10,RIGHT_KNEE_DIST_x__abs_energy
444,10,LEFT_ANKLE_POS_y__mean
449,10,LEFT_ANKLE_POS_y__c3__lag_1
454,10,LEFT_ANKLE_DIST_x__standard_deviation
483,10,RIGHT_ANKLE_POS_y__autocorrelation__lag_1
3,11,LEFT_EYE_OUTER_POS_x__mean
57,11,RIGHT_EYE_OUTER_DIST_x__mean
63,11,RIGHT_EYE_OUTER_DIST_x__cid_ce__normalize_True
139,11,RIGHT_SHOULDER_DIST_y__standard_deviation
163,11,LEFT_ELBOW_DIST_x__abs_energy
188,11,RIGHT_ELBOW_POS_x__c3__lag_1
192,11,RIGHT_ELBOW_POS_y__mean
197,11,RIGHT_ELBOW_POS_y__c3__lag_1
221,11,LEFT_WRIST_POS_x__maximum
226,11,LEFT_WRIST_POS_y__abs_energy
295,11,LEFT_HIP_POS_x__approximate_entropy__m_20__r_0.05
301,11,LEFT_HIP_POS_y__standard_deviation
329,11,RIGHT_HIP_POS_x__maximum
337,11,RIGHT_HIP_POS_y__standard_deviation
341,11,RIGHT_HIP_POS_y__c3__lag_1
348,11,RIGHT_HIP_DIST_x__autocorrelation__lag_1
355,11,RIGHT_HIP_DIST_y__standard_deviation
382,11,LEFT_KNEE_DIST_x__standard_deviation
427,11,RIGHT_KNEE_DIST_y__standard_deviation
435,11,LEFT_ANKLE_POS_x__mean
453,11,LEFT_ANKLE_DIST_x__mean
471,11,RIGHT_ANKLE_POS_x__mean
475,11,RIGHT_ANKLE_POS_x__approximate_entropy__m_20__r_0.05
485,11,RIGHT_ANKLE_POS_y__c3__lag_1
504,11,RIGHT_ANKLE_DIST_y__cid_ce__normalize_True
52,12,RIGHT_EYE_OUTER_POS_y__approximate_entropy__m_20__r_0.05
55,12,RIGHT_EYE_OUTER_DIST_x__abs_energy
91,12,LEFT_SHOULDER_DIST_x__abs_energy
107,12,LEFT_SHOULDER_DIST_y__c3__lag_1
120,12,RIGHT_SHOULDER_POS_y__mean
129,12,RIGHT_SHOULDER_DIST_x__mean
149,12,LEFT_ELBOW_POS_x__maximum
150,12,LEFT_ELBOW_POS_x__autocorrelation__lag_1
157,12,LEFT_ELBOW_POS_y__standard_deviation
159,12,LEFT_ELBOW_POS_y__autocorrelation__lag_1
208,12,RIGHT_ELBOW_DIST_y__abs_energy
211,12,RIGHT_ELBOW_DIST_y__standard_deviation
244,12,LEFT_WRIST_DIST_y__abs_energy
271,12,RIGHT_WRIST_DIST_x__abs_energy
277,12,RIGHT_WRIST_DIST_x__approximate_entropy__m_20__r_0.05
320,12,LEFT_HIP_DIST_y__maximum
327,12,RIGHT_HIP_POS_x__mean
351,12,RIGHT_HIP_DIST_x__cid_ce__normalize_True
369,12,LEFT_KNEE_POS_x__cid_ce__normalize_True
387,12,LEFT_KNEE_DIST_x__cid_ce__normalize_True
438,12,LEFT_ANKLE_POS_x__autocorrelation__lag_1
440,12,LEFT_ANKLE_POS_x__c3__lag_1
459,12,LEFT_ANKLE_DIST_x__cid_ce__normalize_True
472,12,RIGHT_ANKLE_POS_x__standard_deviation
481,12,RIGHT_ANKLE_POS_y__standard_deviation
16,13,LEFT_EYE_OUTER_POS_y__approximate_entropy__m_20__r_0.05
27,13,LEFT_EYE_OUTER_DIST_x__cid_ce__normalize_True
36,13,LEFT_EYE_OUTER_DIST_y__cid_ce__normalize_True
50,13,RIGHT_EYE_OUTER_POS_y__maximum
78,13,LEFT_SHOULDER_POS_x__autocorrelation__lag_1
88,13,LEFT_SHOULDER_POS_y__approximate_entropy__m_20__r_0.05
99,13,LEFT_SHOULDER_DIST_x__cid_ce__normalize_True
127,13,RIGHT_SHOULDER_DIST_x__abs_energy
138,13,RIGHT_SHOULDER_DIST_y__mean
145,13,LEFT_ELBOW_POS_x__abs_energy
147,13,LEFT_ELBOW_POS_x__mean
169,13,LEFT_ELBOW_DIST_x__approximate_entropy__m_20__r_0.05
186,13,RIGHT_ELBOW_POS_x__autocorrelation__lag_1
194,13,RIGHT_ELBOW_POS_y__maximum
202,13,RIGHT_ELBOW_DIST_x__standard_deviation
235,13,LEFT_WRIST_DIST_x__abs_energy
315,13,LEFT_HIP_DIST_x__cid_ce__normalize_True
338,13,RIGHT_HIP_POS_y__maximum
346,13,RIGHT_HIP_DIST_x__standard_deviation
367,13,LEFT_KNEE_POS_x__approximate_entropy__m_20__r_0.05
376,13,LEFT_KNEE_POS_y__approximate_entropy__m_20__r_0.05
403,13,RIGHT_KNEE_POS_x__approximate_entropy__m_20__r_0.05
412,13,RIGHT_KNEE_POS_y__approximate_entropy__m_20__r_0.05
430,13,RIGHT_KNEE_DIST_y__approximate_entropy__m_20__r_0.05
490,13,RIGHT_ANKLE_DIST_x__standard_deviation
0,14,Unnamed: 0.1
12,14,LEFT_EYE_OUTER_POS_y__mean
37,14,RIGHT_EYE_OUTER_POS_x__abs_energy
42,14,RIGHT_EYE_OUTER_POS_x__autocorrelation__lag_1
53,14,RIGHT_EYE_OUTER_POS_y__c3__lag_1
75,14,LEFT_SHOULDER_POS_x__mean
135,14,RIGHT_SHOULDER_DIST_x__cid_ce__normalize_True
136,14,RIGHT_SHOULDER_DIST_y__abs_energy
151,14,LEFT_ELBOW_POS_x__approximate_entropy__m_20__r_0.05
156,14,LEFT_ELBOW_POS_y__mean
161,14,LEFT_ELBOW_POS_y__c3__lag_1
181,14,RIGHT_ELBOW_POS_x__abs_energy
224,14,LEFT_WRIST_POS_x__c3__lag_1
289,14,LEFT_HIP_POS_x__abs_energy
300,14,LEFT_HIP_POS_y__mean
303,14,LEFT_HIP_POS_y__autocorrelation__lag_1
352,14,RIGHT_HIP_DIST_y__abs_energy
377,14,LEFT_KNEE_POS_y__c3__lag_1
379,14,LEFT_KNEE_DIST_x__abs_energy
421,14,RIGHT_KNEE_DIST_x__approximate_entropy__m_20__r_0.05
433,14,LEFT_ANKLE_POS_x__abs_energy
457,14,LEFT_ANKLE_DIST_x__approximate_entropy__m_20__r_0.05
460,14,LEFT_ANKLE_DIST_y__abs_energy
466,14,LEFT_ANKLE_DIST_y__approximate_entropy__m_20__r_0.05
493,14,RIGHT_ANKLE_DIST_x__approximate_entropy__m_20__r_0.05
25,15,LEFT_EYE_OUTER_DIST_x__approximate_entropy__m_20__r_0.05
40,15,RIGHT_EYE_OUTER_POS_x__standard_deviation
48,15,RIGHT_EYE_OUTER_POS_y__mean
70,15,RIGHT_EYE_OUTER_DIST_y__approximate_entropy__m_20__r_0.05
79,15,LEFT_SHOULDER_POS_x__approximate_entropy__m_20__r_0.05
84,15,LEFT_SHOULDER_POS_y__mean
93,15,LEFT_SHOULDER_DIST_x__mean
94,15,LEFT_SHOULDER_DIST_x__standard_deviation
100,15,LEFT_SHOULDER_DIST_y__abs_energy
115,15,RIGHT_SHOULDER_POS_x__approximate_entropy__m_20__r_0.05
125,15,RIGHT_SHOULDER_POS_y__c3__lag_1
142,15,RIGHT_SHOULDER_DIST_y__approximate_entropy__m_20__r_0.05
160,15,LEFT_ELBOW_POS_y__approximate_entropy__m_20__r_0.05
185,15,RIGHT_ELBOW_POS_x__maximum
187,15,RIGHT_ELBOW_POS_x__approximate_entropy__m_20__r_0.05
199,15,RIGHT_ELBOW_DIST_x__abs_energy
223,15,LEFT_WRIST_POS_x__approximate_entropy__m_20__r_0.05
317,15,LEFT_HIP_DIST_y__kurtosis
322,15,LEFT_HIP_DIST_y__approximate_entropy__m_20__r_0.05
325,15,RIGHT_HIP_POS_x__abs_energy
331,15,RIGHT_HIP_POS_x__approximate_entropy__m_20__r_0.05
336,15,RIGHT_HIP_POS_y__mean
340,15,RIGHT_HIP_POS_y__approximate_entropy__m_20__r_0.05
364,15,LEFT_KNEE_POS_x__standard_deviation
385,15,LEFT_KNEE_DIST_x__approximate_entropy__m_20__r_0.05
8,16,LEFT_EYE_OUTER_POS_x__c3__lag_1
39,16,RIGHT_EYE_OUTER_POS_x__mean
43,16,RIGHT_EYE_OUTER_POS_x__approximate_entropy__m_20__r_0.05
44,16,RIGHT_EYE_OUTER_POS_x__c3__lag_1
77,16,LEFT_SHOULDER_POS_x__maximum
106,16,LEFT_SHOULDER_DIST_y__approximate_entropy__m_20__r_0.05
109,16,RIGHT_SHOULDER_POS_x__abs_energy
111,16,RIGHT_SHOULDER_POS_x__mean
113,16,RIGHT_SHOULDER_POS_x__maximum
124,16,RIGHT_SHOULDER_POS_y__approximate_entropy__m_20__r_0.05
152,16,LEFT_ELBOW_POS_x__c3__lag_1
178,16,LEFT_ELBOW_DIST_y__approximate_entropy__m_20__r_0.05
183,16,RIGHT_ELBOW_POS_x__mean
214,16,RIGHT_ELBOW_DIST_y__approximate_entropy__m_20__r_0.05
259,16,RIGHT_WRIST_POS_x__approximate_entropy__m_20__r_0.05
293,16,LEFT_HIP_POS_x__maximum
296,16,LEFT_HIP_POS_x__c3__lag_1
302,16,LEFT_HIP_POS_y__maximum
304,16,LEFT_HIP_POS_y__approximate_entropy__m_20__r_0.05
349,16,RIGHT_HIP_DIST_x__approximate_entropy__m_20__r_0.05
363,16,LEFT_KNEE_POS_x__mean
365,16,LEFT_KNEE_POS_x__maximum
368,16,LEFT_KNEE_POS_x__c3__lag_1
394,16,LEFT_KNEE_DIST_y__approximate_entropy__m_20__r_0.05
502,16,RIGHT_ANKLE_DIST_y__approximate_entropy__m_20__r_0.05
1,17,LEFT_EYE_OUTER_POS_x__abs_energy
17,17,LEFT_EYE_OUTER_POS_y__c3__lag_1
34,17,LEFT_EYE_OUTER_DIST_y__approximate_entropy__m_20__r_0.05
61,17,RIGHT_EYE_OUTER_DIST_x__approximate_entropy__m_20__r_0.05
73,17,LEFT_SHOULDER_POS_x__abs_energy
80,17,LEFT_SHOULDER_POS_x__c3__lag_1
97,17,LEFT_SHOULDER_DIST_x__approximate_entropy__m_20__r_0.05
133,17,RIGHT_SHOULDER_DIST_x__approximate_entropy__m_20__r_0.05
196,17,RIGHT_ELBOW_POS_y__approximate_entropy__m_20__r_0.05
232,17,LEFT_WRIST_POS_y__approximate_entropy__m_20__r_0.05
241,17,LEFT_WRIST_DIST_x__approximate_entropy__m_20__r_0.05
250,17,LEFT_WRIST_DIST_y__approximate_entropy__m_20__r_0.05
260,17,RIGHT_WRIST_POS_x__c3__lag_1
268,17,RIGHT_WRIST_POS_y__approximate_entropy__m_20__r_0.05
286,17,RIGHT_WRIST_DIST_y__approximate_entropy__m_20__r_0.05
291,17,LEFT_HIP_POS_x__mean
305,17,LEFT_HIP_POS_y__c3__lag_1
313,17,LEFT_HIP_DIST_x__approximate_entropy__m_20__r_0.05
332,17,RIGHT_HIP_POS_x__c3__lag_1
358,17,RIGHT_HIP_DIST_y__approximate_entropy__m_20__r_0.05
361,17,LEFT_KNEE_POS_x__abs_energy
399,17,RIGHT_KNEE_POS_x__mean
404,17,RIGHT_KNEE_POS_x__c3__lag_1
448,17,LEFT_ANKLE_POS_y__approximate_entropy__m_20__r_0.05
484,17,RIGHT_ANKLE_POS_y__approximate_entropy__m_20__r_0.05
